{
  "weights": [
    -1.1561377638199901,
    2.5941987824746455,
    -1.3153660200713586,
    -0.14733004024616528,
    -0.8727158415821203,
    -1.1101008641260168,
    0.6737729260978409,
    2.915667801819465,
    -0.21366335070670345,
    1.856794123607511,
    -0.17044616724586184,
    -0.1783867858167693,
    1.046042040188564,
    1.841516692115158,
    2.495284200058367,
    -3.9731252666859103,
    0.02151831141277407,
    0.7382087134876956,
    -1.197874222883052,
    -0.6370764963239086
  ],
  "bias": 4.729823548001052,
  "feature_means": [
    51.083333333333336,
    1052.0416666666667,
    2.875,
    0.24622998050652192,
    1.5,
    0.02911872625617536,
    1.1666666666666667,
    0.4479166666666667,
    0.01453115500861843,
    0.07010058948263306,
    0.25,
    0.25,
    0.08333333333333333,
    4.92241881768871,
    5.083333333333333,
    0.7499999999999999,
    0.008264816718054128,
    0.2916666666666667,
    87.68263888888889,
    0.00032199896960329727
  ],
  "feature_stds": [
    11.405103633412933,
    252.8058344472207,
    1.5360257159305635,
    0.13224955019956827,
    1.9364916731037085,
    0.04032147515383087,
    1.51840559652405,
    0.46759116015548824,
    0.05224712756028115,
    0.05620245156421405,
    1.0103629710818451,
    0.4330127018922193,
    0.27638539919628324,
    0.20528119535490913,
    0.9537935951882998,
    0.07071067811865477,
    0.03963666855084595,
    0.7347996703561833,
    56.98378555911651,
    0.0015442528088977074
  ],
  "metadata": {
    "version": "1.0.0",
    "trained_at": "2026-02-21T00:05:44.072008+00:00",
    "num_features": 20,
    "training_samples": 24,
    "training_accuracy": 1.0,
    "feature_names": [
      "line_count",
      "file_size_bytes",
      "code_block_count",
      "code_block_ratio",
      "url_count",
      "external_url_ratio",
      "unique_domain_count",
      "untrusted_domain_ratio",
      "encoded_content_ratio",
      "command_pattern_density",
      "env_var_reference_count",
      "pipe_to_bash_count",
      "prompt_injection_score",
      "content_entropy",
      "section_count",
      "metadata_completeness",
      "hidden_content_ratio",
      "exfiltration_pattern_count",
      "avg_code_block_length",
      "hex_escape_density"
    ]
  }
}