{
  "weights": [
    0.23878951342088878,
    1.0444828873356338,
    -1.583824707831551,
    -0.5626168043497723,
    -0.8395342350021993,
    -1.2273735811302109,
    1.0417112194833036,
    3.3179219529579123,
    -0.4681040672843231,
    1.4943521893537117,
    -0.14315787929044385,
    -0.19144733949370327,
    1.3671447821556126,
    2.060566837898803,
    3.373775154608219,
    -3.607831912829153,
    0.1369294759482643,
    1.033547022704615,
    -0.40716440695176753,
    -0.6316167889799239,
    0.8378587083126834,
    2.5257881025642535
  ],
  "bias": 4.964990150095691,
  "feature_means": [
    49.55555555555556,
    1243.3703703703704,
    2.6666666666666665,
    0.2235914745030483,
    1.4444444444444444,
    0.028806541970864543,
    1.1481481481481481,
    0.4722222222222222,
    0.04891176281196116,
    0.06742019192836861,
    0.2222222222222222,
    0.25925925925925924,
    0.07407407407407407,
    4.901140608146288,
    4.888888888888889,
    0.7518518518518517,
    0.00781571267531956,
    0.25925925925925924,
    85.19938271604939,
    0.000286221306314042,
    0.037037037037037035,
    0.037037037037037035
  ],
  "feature_stds": [
    11.79244369904142,
    978.8005943840295,
    1.5634719199411433,
    0.14042736379880894,
    1.852592444503674,
    0.038551856328540725,
    1.4581496062984836,
    0.4730385101646221,
    0.17940076451366307,
    0.05774924905911882,
    0.9558139185602919,
    0.43822813208145306,
    0.26189140043946213,
    0.20275783265081887,
    1.0657403385139375,
    0.06869347033700524,
    0.0374443459414763,
    0.6988134171893781,
    54.6220303844764,
    0.0014594480261013176,
    0.18885257457751048,
    0.18885257457751048
  ],
  "metadata": {
    "version": "1.0.0",
    "trained_at": "2026-07-03T17:42:05.805179+00:00",
    "num_features": 22,
    "training_samples": 27,
    "training_accuracy": 1.0,
    "feature_names": [
      "line_count",
      "file_size_bytes",
      "code_block_count",
      "code_block_ratio",
      "url_count",
      "external_url_ratio",
      "unique_domain_count",
      "untrusted_domain_ratio",
      "encoded_content_ratio",
      "command_pattern_density",
      "env_var_reference_count",
      "pipe_to_bash_count",
      "prompt_injection_score",
      "content_entropy",
      "section_count",
      "metadata_completeness",
      "hidden_content_ratio",
      "exfiltration_pattern_count",
      "avg_code_block_length",
      "hex_escape_density",
      "affiliate_injection_score",
      "financial_manipulation_score"
    ]
  }
}