{
  "weights": [
    -0.5291509997079673,
    0.5287521503382522,
    -1.1465746365790783,
    0.004039286724095782,
    -1.2089879454329124,
    -1.1957047317562717,
    0.7892173489564112,
    4.670209254223223,
    -0.11818382885329565,
    -0.5297633323480333,
    -0.515512071568749,
    -0.3633977719949713,
    1.6321123217934257,
    2.6707153298881856,
    3.5052339946043007,
    -2.889875445000616,
    0.4274779988793593,
    1.377101260143434,
    0.44009975295877174,
    -0.6305681511250472,
    0.2856725039853142,
    2.2427116763140917
  ],
  "bias": 5.1517137874108005,
  "feature_means": [
    48.275862068965516,
    1215.1724137931035,
    2.5172413793103448,
    0.21296545818255852,
    1.3793103448275863,
    0.027969309191264693,
    1.103448275862069,
    0.47413793103448276,
    0.0455385377904466,
    0.07045730512871097,
    0.20689655172413793,
    0.2413793103448276,
    0.06896551724137931,
    4.895297212767349,
    4.758620689655173,
    0.7517241379310342,
    0.007276698008056142,
    0.2413793103448276,
    82.18563218390804,
    0.00026648190587859083,
    0.034482758620689655,
    0.034482758620689655
  ],
  "feature_stds": [
    12.314545791458999,
    952.1567195316883,
    1.61075458125885,
    0.14218800028987677,
    1.8082911175347445,
    0.037581457647967206,
    1.4225966444645703,
    0.47499921772261766,
    0.17354715811825572,
    0.05803332891011303,
    0.9239835177223629,
    0.42791978089623645,
    0.2533954906327426,
    0.19797372981358874,
    1.1342678760964502,
    0.06757213083539805,
    0.03618433616259644,
    0.677478713944431,
    54.94720397436382,
    0.0014100897037065446,
    0.182465607659627,
    0.182465607659627
  ],
  "metadata": {
    "version": "1.0.0",
    "trained_at": "2026-07-04T17:10:32.518145+00:00",
    "num_features": 22,
    "training_samples": 29,
    "training_accuracy": 1.0,
    "feature_names": [
      "line_count",
      "file_size_bytes",
      "code_block_count",
      "code_block_ratio",
      "url_count",
      "external_url_ratio",
      "unique_domain_count",
      "untrusted_domain_ratio",
      "encoded_content_ratio",
      "command_pattern_density",
      "env_var_reference_count",
      "pipe_to_bash_count",
      "prompt_injection_score",
      "content_entropy",
      "section_count",
      "metadata_completeness",
      "hidden_content_ratio",
      "exfiltration_pattern_count",
      "avg_code_block_length",
      "hex_escape_density",
      "affiliate_injection_score",
      "financial_manipulation_score"
    ]
  }
}